Modelo;Semilla_Iteracion;Hidden_Dim;Num_Layers;Pooling_type;K_Val;Train_Accuracy;Test_Accuracy;Test_Acc_Mean;Test_Acc_Std;Train_Acc_Mean;Train_Acc_Std
GCN;0;64;3;Global Mean Pool;0;84,47;83,2;;;;
GCN;1;64;3;Global Mean Pool;0;79,33;79,6;;;;
GCN;2;64;3;Global Mean Pool;0;76,2;75,6;;;;
GCN;3;64;3;Global Mean Pool;0;85,67;79,8;;;;
GCN;4;64;3;Global Mean Pool;0;83;84;;;;
GCN;5;64;3;Global Mean Pool;0;80,6;81,2;;;;
GCN;6;64;3;Global Mean Pool;0;82,4;81,6;;;;
GCN;7;64;3;Global Mean Pool;0;82,4;84;;;;
GCN;8;64;3;Global Mean Pool;0;79,93;79;;;;
GCN;9;64;3;Global Mean Pool;0;73,67;71;;;;
GCN;RESUMEN;64;3;Global Mean Pool;0;;;79,9;3,84;80,767;3,683138909
GCNEig;0;64;3;Global Mean Pool;4;79,4;84,8;;;;
GCNEig;1;64;3;Global Mean Pool;4;81,47;77,6;;;;
GCNEig;2;64;3;Global Mean Pool;4;82,93;83;;;;
GCNEig;3;64;3;Global Mean Pool;4;84,8;80,2;;;;
GCNEig;4;64;3;Global Mean Pool;4;82,47;84,4;;;;
GCNEig;5;64;3;Global Mean Pool;4;84,53;82,2;;;;
GCNEig;6;64;3;Global Mean Pool;4;84,6;84,4;;;;
GCNEig;7;64;3;Global Mean Pool;4;84,73;87,2;;;;
GCNEig;8;64;3;Global Mean Pool;4;78,53;78,2;;;;
GCNEig;9;64;3;Global Mean Pool;4;77,2;76,8;;;;
GCNEig;RESUMEN;64;3;Global Mean Pool;4;;;81,88;3,34;82,066;2,820910806
GCNEigDecoupled;0;64;3;Global Mean Pool;4;85,33;85,4;;;;
GCNEigDecoupled;1;64;3;Global Mean Pool;4;79,47;79,2;;;;
GCNEigDecoupled;2;64;3;Global Mean Pool;4;74;70,8;;;;
GCNEigDecoupled;3;64;3;Global Mean Pool;4;77;78,4;;;;
GCNEigDecoupled;4;64;3;Global Mean Pool;4;74,6;74,8;;;;
GCNEigDecoupled;5;64;3;Global Mean Pool;4;78,93;78,8;;;;
GCNEigDecoupled;6;64;3;Global Mean Pool;4;79,73;79,4;;;;
GCNEigDecoupled;7;64;3;Global Mean Pool;4;78,53;77,4;;;;
GCNEigDecoupled;8;64;3;Global Mean Pool;4;74,93;74,8;;;;
GCNEigDecoupled;9;64;3;Global Mean Pool;4;74,87;72,6;;;;
GCNEigDecoupled;RESUMEN;64;3;Global Mean Pool;4;;;77,16;3,92;77,739;3,450106118
GCN;0;64;3;Global Max Pool;0;75,67;79,2;;;;
GCN;1;64;3;Global Max Pool;0;83,13;79,8;;;;
GCN;2;64;3;Global Max Pool;0;78,93;79,4;;;;
GCN;3;64;3;Global Max Pool;0;79,13;82,6;;;;
GCN;4;64;3;Global Max Pool;0;81,2;82,2;;;;
GCN;5;64;3;Global Max Pool;0;73,4;78,4;;;;
GCN;6;64;3;Global Max Pool;0;83,6;82,2;;;;
GCN;7;64;3;Global Max Pool;0;80,93;66;;;;
GCN;8;64;3;Global Max Pool;0;77,33;78,6;;;;
GCN;9;64;3;Global Max Pool;0;81,2;80,2;;;;
GCN;RESUMEN;64;3;Global Max Pool;0;;;78,86;4,53;79,452;3,246166286
GCNEig;0;64;3;Global Max Pool;4;80,53;83,6;;;;
GCNEig;1;64;3;Global Max Pool;4;83,87;79;;;;
GCNEig;2;64;3;Global Max Pool;4;82,4;78,8;;;;
GCNEig;3;64;3;Global Max Pool;4;82;83,2;;;;
GCNEig;4;64;3;Global Max Pool;4;72,47;71;;;;
GCNEig;5;64;3;Global Max Pool;4;85,07;86,6;;;;
GCNEig;6;64;3;Global Max Pool;4;80,53;80;;;;
GCNEig;7;64;3;Global Max Pool;4;79,13;83,8;;;;
GCNEig;8;64;3;Global Max Pool;4;81,13;81,4;;;;
GCNEig;9;64;3;Global Max Pool;4;84,8;80;;;;
GCNEig;RESUMEN;64;3;Global Max Pool;4;;;80,74;4,01;81,193;3,629291483
GCNEigDecoupled;0;64;3;Global Max Pool;4;80,87;84;;;;
GCNEigDecoupled;1;64;3;Global Max Pool;4;83,33;81;;;;
GCNEigDecoupled;2;64;3;Global Max Pool;4;82,13;77,6;;;;
GCNEigDecoupled;3;64;3;Global Max Pool;4;81,53;84;;;;
GCNEigDecoupled;4;64;3;Global Max Pool;4;77,47;74,4;;;;
GCNEigDecoupled;5;64;3;Global Max Pool;4;80,73;81,8;;;;
GCNEigDecoupled;6;64;3;Global Max Pool;4;81,6;80,6;;;;
GCNEigDecoupled;7;64;3;Global Max Pool;4;81,53;85;;;;
GCNEigDecoupled;8;64;3;Global Max Pool;4;84,87;83,6;;;;
GCNEigDecoupled;9;64;3;Global Max Pool;4;76,73;81,2;;;;
GCNEigDecoupled;RESUMEN;64;3;Global Max Pool;4;;;81,32;3,09;81,079;2,434148037
GCN;0;32;3;Global Mean Pool;0;83,8;82,2;;;;
GCN;1;32;3;Global Mean Pool;0;76,67;79,4;;;;
GCN;2;32;3;Global Mean Pool;0;83,53;85,4;;;;
GCN;3;32;3;Global Mean Pool;0;81,2;81,2;;;;
GCN;4;32;3;Global Mean Pool;0;83,2;84,6;;;;
GCN;5;32;3;Global Mean Pool;0;82,13;77,2;;;;
GCN;6;32;3;Global Mean Pool;0;75,07;68,2;;;;
GCN;7;32;3;Global Mean Pool;0;83,87;84,6;;;;
GCN;8;32;3;Global Mean Pool;0;77,07;77,2;;;;
GCN;9;32;3;Global Mean Pool;0;83,87;85,2;;;;
GCN;RESUMEN;32;3;Global Mean Pool;0;;;80,52;5,07;81,041;3,435330972
GCNEig;0;32;3;Global Mean Pool;4;85,07;79,6;;;;
GCNEig;1;32;3;Global Mean Pool;4;85,07;79,6;;;;
GCNEig;2;32;3;Global Mean Pool;4;81,8;81,6;;;;
GCNEig;3;32;3;Global Mean Pool;4;84,47;84,8;;;;
GCNEig;4;32;3;Global Mean Pool;4;80,6;83;;;;
GCNEig;5;32;3;Global Mean Pool;4;76,67;73,4;;;;
GCNEig;6;32;3;Global Mean Pool;4;86,53;86,4;;;;
GCNEig;7;32;3;Global Mean Pool;4;79,4;76,6;;;;
GCNEig;8;32;3;Global Mean Pool;4;87,8;48;;;;
GCNEig;9;32;3;Global Mean Pool;4;83,4;78,6;;;;
GCNEig;RESUMEN;32;3;Global Mean Pool;4;;;77,16;10,37;83,081;3,440847602
GCNEigDecoupled;0;32;3;Global Max Pool;4;80,33;82,2;;;;
GCNEigDecoupled;1;32;3;Global Max Pool;4;80;77,6;;;;
GCNEigDecoupled;2;32;3;Global Max Pool;4;79,47;78;;;;
GCNEigDecoupled;3;32;3;Global Max Pool;4;76,8;77,2;;;;
GCNEigDecoupled;4;32;3;Global Max Pool;4;78,8;77;;;;
GCNEigDecoupled;5;32;3;Global Max Pool;4;75,67;77,4;;;;
GCNEigDecoupled;6;32;3;Global Max Pool;4;76,2;74,8;;;;
GCNEigDecoupled;7;32;3;Global Max Pool;4;78;81,4;;;;
GCNEigDecoupled;8;32;3;Global Max Pool;4;79,93;78;;;;
GCNEigDecoupled;9;32;3;Global Max Pool;4;75,13;74,6;;;;
GCNEigDecoupled;RESUMEN;32;3;Global Max Pool;4;;;77,82;2,3;78,033;1,951911029
GCN;0;128;3;Global Mean Pool;0;83,2;78,4;;;;
GCN;1;128;3;Global Mean Pool;0;83,4;76,8;;;;
GCN;2;128;3;Global Mean Pool;0;79,6;78,6;;;;
GCN;3;128;3;Global Mean Pool;0;84,8;81,6;;;;
GCN;4;128;3;Global Mean Pool;0;79,6;80,2;;;;
GCN;5;128;3;Global Mean Pool;0;82,93;85,8;;;;
GCN;6;128;3;Global Mean Pool;0;84,4;83;;;;
GCN;7;128;3;Global Mean Pool;0;79,93;82,8;;;;
GCN;8;128;3;Global Mean Pool;0;82,07;79,8;;;;
GCN;9;128;3;Global Mean Pool;0;79,33;81,4;;;;
GCN;RESUMEN;128;3;Global Mean Pool;0;;;80,84;2,51;81,926;2,12782727
GCNEig;0;128;3;Global Mean Pool;4;85,07;87,4;;;;
GCNEig;1;128;3;Global Mean Pool;4;82,2;79,6;;;;
GCNEig;2;128;3;Global Mean Pool;4;82,07;76,8;;;;
GCNEig;3;128;3;Global Mean Pool;4;60,2;69,6;;;;
GCNEig;4;128;3;Global Mean Pool;4;83,27;82,2;;;;
GCNEig;5;128;3;Global Mean Pool;4;82,67;82;;;;
GCNEig;6;128;3;Global Mean Pool;4;83,53;83;;;;
GCNEig;7;128;3;Global Mean Pool;4;86,27;89,8;;;;
GCNEig;8;128;3;Global Mean Pool;4;69,07;63;;;;
GCNEig;9;128;3;Global Mean Pool;4;83,4;85,6;;;;
GCNEig;RESUMEN;128;3;Global Mean Pool;4;;;79,9;7,79;79,775;8,346549853
GCNEigDecoupled;0;128;3;Global Max Pool;4;77,4;76,6;;;;
GCNEigDecoupled;1;128;3;Global Max Pool;4;76,53;75,6;;;;
GCNEigDecoupled;2;128;3;Global Max Pool;4;76,6;77,4;;;;
GCNEigDecoupled;3;128;3;Global Max Pool;4;79,4;82;;;;
GCNEigDecoupled;4;128;3;Global Max Pool;4;77,53;76;;;;
GCNEigDecoupled;5;128;3;Global Max Pool;4;79,47;78,8;;;;
GCNEigDecoupled;6;128;3;Global Max Pool;4;83,13;84,8;;;;
GCNEigDecoupled;7;128;3;Global Max Pool;4;78,13;77,6;;;;
GCNEigDecoupled;8;128;3;Global Max Pool;4;77,73;76,4;;;;
GCNEigDecoupled;9;128;3;Global Max Pool;4;77,33;76,8;;;;
GCNEigDecoupled;RESUMEN;128;3;Global Max Pool;4;;;78,2;2,81;78,325;1,961350159
GCN;0;128;4;Global Mean Pool;0;81,07;81,8;;;;
GCN;1;128;4;Global Mean Pool;0;65,67;61,4;;;;
GCN;2;128;4;Global Mean Pool;0;82,73;78,4;;;;
GCN;3;128;4;Global Mean Pool;0;80,27;81,6;;;;
GCN;4;128;4;Global Mean Pool;0;81,33;78,8;;;;
GCN;5;128;4;Global Mean Pool;0;83,33;79;;;;
GCN;6;128;4;Global Mean Pool;0;75,13;74,6;;;;
GCN;7;128;4;Global Mean Pool;0;76,6;78,4;;;;
GCN;8;128;4;Global Mean Pool;0;85,73;85,4;;;;
GCN;9;128;4;Global Mean Pool;0;77,2;75,4;;;;
GCN;RESUMEN;128;4;Global Mean Pool;0;;;77,48;6,13;78,906;5,684861378
GCNEig;0;64;4;Global Mean Pool;4;83,67;83,8;;;;
GCNEig;1;64;4;Global Mean Pool;4;84,33;80,8;;;;
GCNEig;2;64;4;Global Mean Pool;4;84,07;78,6;;;;
GCNEig;3;64;4;Global Mean Pool;4;88,73;84,8;;;;
GCNEig;4;64;4;Global Mean Pool;4;80,53;80;;;;
GCNEig;5;64;4;Global Mean Pool;4;84,13;80;;;;
GCNEig;6;64;4;Global Mean Pool;4;86,4;79,6;;;;
GCNEig;7;64;4;Global Mean Pool;4;85,73;85;;;;
GCNEig;8;64;4;Global Mean Pool;4;83,4;87;;;;
GCNEig;9;64;4;Global Mean Pool;4;85,13;81,4;;;;
GCNEig;RESUMEN;64;4;Global Mean Pool;4;;;82,1;2,69;84,612;2,142111108
GCNEigDecoupled;0;64;4;Global Max Pool;4;84,2;82,2;;;;
GCNEigDecoupled;1;64;4;Global Max Pool;4;86,73;83,6;;;;
GCNEigDecoupled;2;64;4;Global Max Pool;4;81,27;80,4;;;;
GCNEigDecoupled;3;64;4;Global Max Pool;4;82,87;85,2;;;;
GCNEigDecoupled;4;64;4;Global Max Pool;4;83,07;78,6;;;;
GCNEigDecoupled;5;64;4;Global Max Pool;4;79,6;80,8;;;;
GCNEigDecoupled;6;64;4;Global Max Pool;4;83,67;78,4;;;;
GCNEigDecoupled;7;64;4;Global Max Pool;4;85,07;89,6;;;;
GCNEigDecoupled;8;64;4;Global Max Pool;4;85,2;84,8;;;;
GCNEigDecoupled;9;64;4;Global Max Pool;4;80,13;81;;;;
GCNEigDecoupled;RESUMEN;64;4;Global Max Pool;4;;;82,46;3,25;83,181;2,2951807
GCNEig;0;64;4;Global Mean Pool;6;85,53;83,6;;;;
GCNEig;1;64;4;Global Mean Pool;6;84,47;81;;;;
GCNEig;2;64;4;Global Mean Pool;6;85,93;78,2;;;;
GCNEig;3;64;4;Global Mean Pool;6;84,27;82,6;;;;
GCNEig;4;64;4;Global Mean Pool;6;78,93;77,6;;;;
GCNEig;5;64;4;Global Mean Pool;6;86,47;86,4;;;;
GCNEig;6;64;4;Global Mean Pool;6;81,07;72;;;;
GCNEig;7;64;4;Global Mean Pool;6;81,6;83,6;;;;
GCNEig;8;64;4;Global Mean Pool;6;86,53;83,4;;;;
GCNEig;9;64;4;Global Mean Pool;6;73,33;71,4;;;;
GCNEig;RESUMEN;64;4;Global Mean Pool;6;;;79,98;4,83;82,813;4,19881478
GCNEigDecoupled;0;64;4;Global Max Pool;6;85,8;83,6;;;;
GCNEigDecoupled;1;64;4;Global Max Pool;6;82,93;78,8;;;;
GCNEigDecoupled;2;64;4;Global Max Pool;6;83,33;83,2;;;;
GCNEigDecoupled;3;64;4;Global Max Pool;6;81,07;80,4;;;;
GCNEigDecoupled;4;64;4;Global Max Pool;6;86,4;81,6;;;;
GCNEigDecoupled;5;64;4;Global Max Pool;6;85,2;84;;;;
GCNEigDecoupled;6;64;4;Global Max Pool;6;83,87;82,4;;;;
GCNEigDecoupled;7;64;4;Global Max Pool;6;86;87,6;;;;
GCNEigDecoupled;8;64;4;Global Max Pool;6;84,07;84,6;;;;
GCNEigDecoupled;9;64;4;Global Max Pool;6;88,27;85,2;;;;
GCNEigDecoupled;RESUMEN;64;4;Global Max Pool;6;;;83,14;2,38;84,694;2,056346274
GCNEig;0;64;4;Global Mean Pool;8;87,8;85,8;;;;
GCNEig;1;64;4;Global Mean Pool;8;84,8;81,8;;;;
GCNEig;2;64;4;Global Mean Pool;8;85,07;82,4;;;;
GCNEig;3;64;4;Global Mean Pool;8;83,07;82,6;;;;
GCNEig;4;64;4;Global Mean Pool;8;85,27;85;;;;
GCNEig;5;64;4;Global Mean Pool;8;87,33;86;;;;
GCNEig;6;64;4;Global Mean Pool;8;79,07;76,6;;;;
GCNEig;7;64;4;Global Mean Pool;8;85,53;86,4;;;;
GCNEig;8;64;4;Global Mean Pool;8;86,47;82;;;;
GCNEig;9;64;4;Global Mean Pool;8;83,33;85,2;;;;
GCNEig;RESUMEN;64;4;Global Mean Pool;8;;;83,38;2,82;84,774;2,516532888
GCNEigDecoupled;0;64;4;Global Max Pool;8;79;79,6;;;;
GCNEigDecoupled;1;64;4;Global Max Pool;8;85,07;79,2;;;;
GCNEigDecoupled;2;64;4;Global Max Pool;8;83;79,4;;;;
GCNEigDecoupled;3;64;4;Global Max Pool;8;87,73;84,6;;;;
GCNEigDecoupled;4;64;4;Global Max Pool;8;81,8;79,6;;;;
GCNEigDecoupled;5;64;4;Global Max Pool;8;85,8;83,8;;;;
GCNEigDecoupled;6;64;4;Global Max Pool;8;77,4;75,8;;;;
GCNEigDecoupled;7;64;4;Global Max Pool;8;86,73;82,6;;;;
GCNEigDecoupled;8;64;4;Global Max Pool;8;78,93;76,8;;;;
GCNEigDecoupled;9;64;4;Global Max Pool;8;82,73;81,2;;;;
GCNEigDecoupled;RESUMEN;64;4;Global Max Pool;8;;;80,26;2,69;82,819;3,551539416
GCNEig;0;64;4;Global Mean Pool;10;71,67;69,4;;;;
GCNEig;1;64;4;Global Mean Pool;10;87;84,2;;;;
GCNEig;2;64;4;Global Mean Pool;10;84,73;82;;;;
GCNEig;3;64;4;Global Mean Pool;10;87;85,2;;;;
GCNEig;4;64;4;Global Mean Pool;10;87,47;86,2;;;;
GCNEig;5;64;4;Global Mean Pool;10;63,8;65,4;;;;
GCNEig;6;64;4;Global Mean Pool;10;85,8;79,4;;;;
GCNEig;7;64;4;Global Mean Pool;10;50,2;49,4;;;;
GCNEig;8;64;4;Global Mean Pool;10;85,6;85;;;;
GCNEig;9;64;4;Global Mean Pool;10;88,13;85;;;;
GCNEig;RESUMEN;64;4;Global Mean Pool;10;;;77,12;11,47;79,14;12,99462966
GCNEigDecoupled;0;64;4;Global Max Pool;10;83,13;81;;;;
GCNEigDecoupled;1;64;4;Global Max Pool;10;83,73;78;;;;
GCNEigDecoupled;2;64;4;Global Max Pool;10;84,73;80,8;;;;
GCNEigDecoupled;3;64;4;Global Max Pool;10;87,87;78,6;;;;
GCNEigDecoupled;4;64;4;Global Max Pool;10;86,27;81,6;;;;
GCNEigDecoupled;5;64;4;Global Max Pool;10;75,53;76,2;;;;
GCNEigDecoupled;6;64;4;Global Max Pool;10;86,27;83;;;;
GCNEigDecoupled;7;64;4;Global Max Pool;10;86,13;82,4;;;;
GCNEigDecoupled;8;64;4;Global Max Pool;10;84,53;82,2;;;;
GCNEigDecoupled;9;64;4;Global Max Pool;10;86,73;85;;;;
GCNEigDecoupled;RESUMEN;64;4;Global Max Pool;10;;;80,88;2,48;84,492;3,467890169
Net;0;32;2;MinCut Pool;10;77,8;72,2;;;;
Net;0;64;2;MinCut Pool;10;73;63,6;;;;
